1,Murilo Mário Drumond,36,434.752.878-70,22.539.570-8,1987-02-15 00:00:00.0,Masculino,Aquário,Juliana Flávia,Martin Pedro Drumond,murilo_drumond@policiamilitar.sp.gov.br,Dq87SLjpgo,56323-370,Rua do Mérito,426,Dom Avelar,Petrolina,PE,(87) 2877-9438,(87) 98648-7336,1.72,76.0,A+,vermelho
2,Mateus Carlos Benjamin das Neves,25,653.115.041-61,17.020.006-1,1998-01-24 00:00:00.0,Masculino,Aquário,Joana Jéssica,Nathan Ian Rodrigo das Neves,mateus_dasneves@megapremiumvip.com,sbLpP5USNC,68551-535,Avenida Antonio Luiz Testa,298,Jardim América,Redenção,PA,(94) 3878-7121,(94) 99941-4075,1.97,106.0,AB+,laranja
3,Henrique Kevin Caio da Paz,52,035.641.684-43,12.557.426-5,1971-03-22 00:00:00.0,Masculino,Áries,Olivia Giovana,Joaquim Enzo da Paz,henriquekevindapaz@cotamtambores.com.br,jokBrMNq44,85601-164,Rua Pedro Gazola,871,Marrecas,Francisco Beltrão,PR,(46) 2717-1723,(46) 98878-3578,1.77,65.0,B+,laranja
4,Bento Luís Campos,48,245.897.291-80,45.146.875-2,1975-01-06 00:00:00.0,Masculino,Capricórnio,Analu Elza,Breno Henrique Kauê Campos,bento.luis.campos@domain.com.br,q6fBc6N7dp,49065-500,Praça Liberato Costa,581,Industrial,Aracaju,SE,(79) 2613-1409,(79) 99484-3885,1.97,96.0,A+,verde
5,Paulo Pietro Caldeira,26,527.216.918-21,13.005.157-3,1997-02-02 00:00:00.0,Masculino,Aquário,Lívia Mirella,Kauê Bernardo Cláudio Caldeira,paulo_pietro_caldeira@diebold.com,qUcJfkFEa2,76876-586,Avenida Rio Branco,973,Jardim das Palmeiras,Ariquemes,RO,(69) 2917-4224,(69) 98915-1573,1.6,93.0,O+,roxo
6,Rodrigo Felipe Corte Real,38,881.706.982-51,33.653.471-1,1985-01-20 00:00:00.0,Masculino,Capricórnio,Josefa Mirella,Caio Juan Corte Real,rodrigofelipecortereal@bzness.com.br,dE3TGxJtJg,13059-636,Rua Ivo Cipriano,426,Cidade Satélite Íris,Campinas,SP,(19) 3862-9686,(19) 98267-6002,1.77,104.0,A+,vermelho
7,Ester Laís Nogueira,67,344.809.160-08,24.337.823-3,1956-03-08 00:00:00.0,Feminino,Peixes,Gabriela Alice Patrícia,Renan Leonardo Nogueira,ester.lais.nogueira@alemponte.com.br,OOb7h8DYGg,58064-784,Rua Estudante Josimar de Almeida Silva,487,Valentina de Figueiredo,João Pessoa,PB,(83) 2892-5101,(83) 99264-5661,1.84,68.0,B-,roxo
8,Ricardo Cauã da Cunha,30,640.666.776-06,14.255.570-8,1993-01-14 00:00:00.0,Masculino,Capricórnio,Larissa Rafaela Laura,Kevin Yuri da Cunha,ricardo.caua.dacunha@consorciobcv.com.br,GmCt9Gfoc3,75804-057,Rua Itarumã,805,Samuel Grahan,Jataí,GO,(64) 2880-6268,(64) 98453-6084,1.77,79.0,A+,amarelo
9,Louise Bianca Silveira,58,829.313.139-04,35.808.031-9,1965-02-10 00:00:00.0,Feminino,Aquário,Lavínia Emanuelly,Edson Juan Silveira,louise_bianca_silveira@sfreitasadvogados.com.br,EIuFHyF5Il,41385-010,Rua Léa Ariane,299,Sete de Abril,Salvador,BA,(71) 2551-2159,(71) 99977-4030,1.77,84.0,B-,laranja
10,Bianca Raimunda Mendes,31,804.547.463-77,49.725.579-0,1992-04-12 00:00:00.0,Feminino,Áries,Lúcia Gabriela Nicole,Elias Fábio Rafael Mendes,bianca_raimunda_mendes@hormail.com,gj77eh45CC,76913-607,Rua Sena Madureira,807,São Pedro,Ji-Paraná,RO,(69) 2934-9292,(69) 99139-7534,1.71,74.0,A-,verde
11,Jennifer Marlene Daiane Assis,26,312.720.044-73,21.807.226-0,1997-02-05 00:00:00.0,Feminino,Aquário,Giovanna Gabrielly Simone,Geraldo Isaac Thomas Assis,jennifer_assis@id.uff.br,GiKU7ebAyr,64011-215,Rua Rosana Neres,135,Santa Rosa,Teresina,PI,(86) 3862-2752,(86) 98847-4867,1.73,53.0,AB+,roxo
12,Patrícia Juliana Sales,29,812.303.662-02,31.332.577-7,1994-02-04 00:00:00.0,Feminino,Aquário,Ana Ayla,Marcelo Luís Sales,patriciajulianasales@sent.com,B7czjgZtA7,23052-060,Rua Professor José Oiticica,468,Campo Grande,Rio de Janeiro,RJ,(21) 3564-1846,(21) 98449-1985,1.5,62.0,A+,laranja
13,Emanuelly Liz Lúcia Peixoto,61,086.629.335-30,20.177.220-6,1962-02-08 00:00:00.0,Feminino,Aquário,Luzia Emilly,Marcos Fernando Peixoto,emanuelly.liz.peixoto@yahoo.fr,pwjUHCGsBJ,79118-712,Rua Varginhas,131,São Francisco,Campo Grande,MS,(67) 3804-0182,(67) 99277-8416,1.7,88.0,A-,vermelho
14,Valentina Luiza Rezende,40,708.999.907-62,36.211.792-5,1983-03-05 00:00:00.0,Feminino,Peixes,Daiane Sabrina Lavínia,Luiz Leonardo Heitor Rezende,valentina-rezende86@deltaturismo.com.br,5jna59UzAz,74484-636,Rua 9,407,Condomínio Anhanguera,Goiânia,GO,(62) 2936-8621,(62) 98644-6970,1.59,70.0,AB+,vermelho
15,Eliane Alana Rafaela Ferreira,37,133.268.989-24,47.337.472-9,1986-04-05 00:00:00.0,Feminino,Áries,Sandra Vitória,Luan Jorge Henry Ferreira,eliane_ferreira@odebrecht.com,hucKzKoiMe,69905-703,Rua Cearense,626,Invasão da Seis de Agosto,Rio Branco,AC,(68) 2787-3108,(68) 99318-1757,1.54,71.0,A+,roxo
16,Iago Luan Jesus,70,023.913.052-90,15.471.829-4,1953-03-23 00:00:00.0,Masculino,Áries,Márcia Manuela,Diego Fernando Manoel Jesus,iago.luan.jesus@acramisper.com,s430I0HJOB,59125-040,Rua Itamuri,426,Potengi,Natal,RN,(84) 2609-9627,(84) 99113-6056,1.78,51.0,B-,vermelho
17,Patrícia Laís Eduarda Viana,74,499.065.907-42,13.978.263-1,1949-02-18 00:00:00.0,Feminino,Aquário,Nair Lorena,Oliver Thomas Viana,patricia_viana@gmindustria.com.br,0F0wmlAGQ4,64007-852,Rua David Cavalcante,214,Itaperu,Teresina,PI,(86) 2672-3147,(86) 99389-1699,1.77,82.0,B+,vermelho
18,Henrique Diego Kauê Carvalho,79,011.662.298-90,12.956.334-1,1944-04-01 00:00:00.0,Masculino,Áries,Amanda Sara,Vitor Diego Lorenzo Carvalho,henrique.diego.carvalho@homail.com,s4pRSFo49c,07075-041,Viela São Bento do Sul,578,Jardim Palmira,Guarulhos,SP,(11) 2882-2243,(11) 99852-4792,1.87,76.0,O+,vermelho
19,Thomas Julio Leandro Barros,74,382.695.549-87,25.551.571-6,1949-01-13 00:00:00.0,Masculino,Capricórnio,Cristiane Regina,Nicolas Raimundo Fernando Barros,thomas.julio.barros@sabesp.com.br,UBEH3wtc6w,50110-840,Rua da Amizade,532,Santo Amaro,Recife,PE,(81) 2572-3196,(81) 99478-3221,1.64,59.0,B-,preto
20,Eduardo Daniel Melo,73,242.121.309-63,44.928.638-1,1950-01-21 00:00:00.0,Masculino,Aquário,Gabriela Patrícia,Theo Renato Melo,eduardo_melo@mantegassi.com,uLM20TTfO6,79045-220,Rua Viena,890,Jardim Noroeste,Campo Grande,MS,(67) 2804-1990,(67) 99719-4087,1.9,54.0,B+,vermelho
21,Pietro Filipe Rodrigues,44,590.319.637-39,11.785.775-0,1979-04-05 00:00:00.0,Masculino,Áries,Lara Lavínia,Carlos Kevin Rodrigues,pietro-rodrigues93@leonardopereira.com,QSMJhauxau,53580-594,4ª Travessa José Bonifácio,807,Fosfato,Abreu e Lima,PE,(81) 3759-0885,(81) 99494-2276,1.62,90.0,A-,laranja
22,Murilo Samuel Vieira,52,366.833.620-25,15.043.136-3,1971-04-18 00:00:00.0,Masculino,Áries,Luiza Sara,Tiago Márcio Tiago Vieira,murilo-vieira85@vitaonline.com.br,xM9lrdXsUc,69304-470,Rua Rotary,684,Mecejana,Boa Vista,RR,(95) 2950-9331,(95) 99310-5836,1.77,63.0,B-,laranja
23,Stella Rayssa Gonçalves,22,763.036.099-10,44.212.268-8,2001-01-26 00:00:00.0,Feminino,Aquário,Josefa Emily,Caleb Samuel Gonçalves,stella_rayssa_goncalves@rotauniformes.com.br,IOdNiX9ER0,68926-405,Travessa Rio Preto,838,Fortaleza,Santana,AP,(96) 2587-2224,(96) 99472-7228,1.52,53.0,B+,laranja
24,Luana Giovanna Costa,59,411.548.828-02,40.749.993-3,1964-01-22 00:00:00.0,Feminino,Aquário,Andrea Mariane,Diogo Lorenzo Diego Costa,luana_giovanna_costa@corpus.com.br,Oq4GQMZLnw,68903-852,Avenida Sexta,960,Araxá,Macapá,AP,(96) 3942-5477,(96) 98399-4316,1.77,54.0,O-,amarelo
25,Henrique Pedro Henrique Juan Lopes,49,596.253.241-43,21.259.590-8,1974-03-01 00:00:00.0,Masculino,Peixes,Carolina Betina,Calebe Erick Luan Lopes,henrique.pedro.lopes@rcstechnology.com.br,tnpoHWlIux,69316-062,Rua dos Astros,400,Raiar do Sol,Boa Vista,RR,(95) 2810-2118,(95) 98598-1303,1.98,91.0,AB-,preto
26,Murilo Leonardo Danilo Novaes,68,794.157.676-77,38.750.329-8,1955-01-22 00:00:00.0,Masculino,Aquário,Lavínia Elisa,Fábio Arthur Novaes,murilo-novaes98@citadini.imb.br,Qf2XdBF2nj,59609-006,Rua Hilda Amélia Fernandes,483,Dix-Sept Rosado,Mossoró,RN,(84) 3827-3997,(84) 98939-5395,1.7,81.0,A+,vermelho
27,Luiz Hugo Alexandre da Luz,37,268.543.980-37,44.133.273-0,1986-01-08 00:00:00.0,Masculino,Capricórnio,Elza Marli,Gael Ricardo da Luz,luiz.hugo.daluz@comercialrafael.com.br,okdhmuXxnT,76873-570,Rua Castro Alves,729,Setor 06,Ariquemes,RO,(69) 2887-5106,(69) 99442-5997,1.82,57.0,B+,verde
28,Luís Thales Almeida,19,680.577.985-56,44.289.249-4,2004-04-02 00:00:00.0,Masculino,Áries,Caroline Tânia Marina,Emanuel Giovanni Benjamin Almeida,luis_almeida@rafaeladson.com,z6ROG2pd4l,91450-330,Rua Hélio Pimpão,211,Protásio Alves,Porto Alegre,RS,(51) 2871-7118,(51) 99286-0930,1.79,67.0,A+,vermelho
29,Giovanna Joana Sônia Aragão,43,616.005.922-01,41.912.816-5,1980-01-10 00:00:00.0,Feminino,Capricórnio,Bruna Rebeca Elza,Oliver Emanuel Aragão,giovanna_joana_aragao@formulaweb.com.br,frW0gmDzzb,79050-908,Rua Hélio Castro Maia 662,652,Jardim Paulista,Campo Grande,MS,(67) 2996-6316,(67) 98446-7666,1.5,53.0,O-,azul
30,Tânia Josefa Isadora Pereira,78,012.435.071-28,37.593.302-5,1945-02-25 00:00:00.0,Feminino,Peixes,Manuela Silvana Sebastiana,Victor César Theo Pereira,taniajosefapereira@lta-am.com.br,UmR4wbkyQe,29310-539,Rua Sebastiana Duarte da Fonseca,952,Doutor Gilson Carone,Cachoeiro de Itapemirim,ES,(28) 3972-2362,(28) 98880-2903,1.8,84.0,B+,azul
31,Louise Isadora da Mata,21,221.282.634-68,26.061.311-3,2002-02-05 00:00:00.0,Feminino,Aquário,Carolina Patrícia,Roberto Elias Felipe da Mata,louise.isadora.damata@systemsadvisers.com,Pol8aUOjTb,88111-300,Rua Maria Júlia da Luz,930,Jardim Cidade de Florianópolis,São José,SC,(48) 3955-5511,(48) 98610-9502,1.76,60.0,O-,verde
32,Tomás Julio Theo da Conceição,51,067.723.776-64,11.905.781-5,1972-04-20 00:00:00.0,Masculino,Áries,Fernanda Sophia Raimunda,Henry Thomas Manoel da Conceição,tomas.julio.daconceicao@clubedorei.com.br,7opOS1qEUU,60335-190,Rua Cruzeiro do Sul,249,Álvaro Weyne,Fortaleza,CE,(85) 2513-0772,(85) 98475-1458,1.77,87.0,AB-,vermelho
33,Noah Erick Teixeira,63,585.778.930-30,24.431.255-2,1960-04-10 00:00:00.0,Masculino,Áries,Luiza Heloisa,Julio Calebe Cláudio Teixeira,noah_erick_teixeira@consorciogastau.com.br,XZkQF2YERP,55606-180,Rua Quadra-1,679,São Vicente de Paulo,Vitória de Santo Antão,PE,(81) 2992-8999,(81) 98368-2942,1.9,57.0,AB+,preto
34,Elisa Camila Kamilly dos Santos,37,491.889.543-31,10.050.265-9,1986-01-22 00:00:00.0,Feminino,Aquário,Antônia Raquel,Luís Enrico Caleb dos Santos,elisacamiladossantos@soespodonto.com.br,XKYu136zu2,69903-010,Rua Bom Jesus,978,Conjunto Xavier Maia,Rio Branco,AC,(68) 2757-0700,(68) 99474-4298,1.64,73.0,O-,vermelho
35,Emanuelly Débora Mendes,43,068.564.957-14,50.714.382-6,1980-04-16 00:00:00.0,Feminino,Áries,Sophie Emily Carolina,Yuri Diego Mendes,emanuelly.debora.mendes@consultorialk.com.br,bOiDtnrN6p,41825-908,Avenida Antônio Carlos Magalhães 771,500,Itaigara,Salvador,BA,(71) 2952-4823,(71) 99127-9608,1.55,71.0,B+,vermelho
36,Emily Vera Ramos,73,745.159.532-30,22.075.967-4,1950-03-21 00:00:00.0,Feminino,Áries,Valentina Tânia,Calebe Levi Ramos,emily-ramos90@gimail.com,YNZNiQMR4F,65091-210,Rua Santo Antonio,446,Vila Maranhão,São Luís,MA,(98) 3582-1767,(98) 98176-8387,1.52,56.0,AB-,verde
37,Aline Luna Malu da Luz,52,270.841.958-74,39.226.659-3,1971-04-16 00:00:00.0,Feminino,Áries,Andrea Elisa,Pedro Henrique Pedro Henrique Edson da Luz,aline_daluz@tursi.com.br,bAOfwpPz0X,62030-972,Rua Padre Anchieta 121,100,Campo dos Velhos,Sobral,CE,(88) 2598-9500,(88) 98338-2545,1.79,67.0,O+,vermelho
38,Marlene Pietra Aparício,40,603.902.104-71,38.311.185-7,1983-03-17 00:00:00.0,Feminino,Peixes,Sarah Cláudia,Elias Giovanni Aparício,marlene-aparicio77@escritoriogold.com.br,5lhhrx2dGI,72813-200,Rua 45,936,Residencial Alto das Caraíbas,Luziânia,GO,(61) 2838-1031,(61) 99295-9966,1.54,66.0,AB+,verde
39,Esther Sabrina Lorena Araújo,26,166.620.688-10,37.136.245-3,1997-01-15 00:00:00.0,Feminino,Capricórnio,Andreia Rayssa Larissa,Leonardo José Murilo Araújo,esthersabrinaaraujo@3cfast.com.br,bMNmmGQy1f,12325-300,Rua Gaspar Garcia,459,Cidade Nova Jacareí,Jacareí,SP,(12) 2711-5407,(12) 99249-8884,1.75,81.0,AB+,preto
40,Marina Carla Assunção,35,551.278.426-96,47.947.119-8,1988-02-21 00:00:00.0,Feminino,Peixes,Julia Andrea Carla,Henrique Paulo Joaquim Assunção,marinacarlaassuncao@maccropropaganda.com.br,swGmPoJPaj,89216-225,Rua Lua,391,Glória,Joinville,SC,(47) 3651-6412,(47) 98264-6646,1.58,73.0,AB-,laranja
41,Esther Aline Isadora Fernandes,19,479.625.628-89,50.899.062-2,2004-04-12 00:00:00.0,Feminino,Áries,Flávia Eloá Laura,Fernando Kevin Fernandes,esther_fernandes@urbam.com.br,ZHBxC2GEoJ,60767-595,Rua B,844,Mondubim,Fortaleza,CE,(85) 2843-5922,(85) 98136-0072,1.53,46.0,AB+,azul
42,Ian Vicente Campos,45,407.941.226-63,15.588.415-3,1978-01-07 00:00:00.0,Masculino,Capricórnio,Raquel Jéssica Vera,Marcos César Marcelo Campos,ian-campos99@sicredi.com.br,D0KYXNuWcn,57043-290,Rua Doutor Carlos Miranda,605,Feitosa,Maceió,AL,(82) 3870-5960,(82) 99975-9222,1.71,87.0,O+,roxo
43,Antônia Fabiana Luiza de Paula,78,505.046.320-35,10.273.890-7,1945-01-26 00:00:00.0,Feminino,Aquário,Caroline Tânia Raimunda,Gustavo Thomas de Paula,antonia_fabiana_depaula@marktechbr.com.br,orWTot4BdF,31998-608,Rua Soneto,882,Capitão Eduardo,Belo Horizonte,MG,(31) 2728-2111,(31) 98898-9974,1.69,62.0,A-,vermelho
44,Flávia Sebastiana Bárbara da Rosa,33,592.158.156-94,13.017.665-5,1990-01-03 00:00:00.0,Feminino,Capricórnio,Camila Sophia Pietra,Gael Emanuel Bernardo da Rosa,flavia_sebastiana_darosa@bessa.net.br,pGhuBGJ6QK,69313-588,Avenida Emília da Silva Lavôr,719,Caranã,Boa Vista,RR,(95) 2742-9205,(95) 99420-0725,1.8,89.0,O-,amarelo
45,Thiago Oliver Nogueira,41,450.992.163-23,19.238.911-7,1982-03-04 00:00:00.0,Masculino,Peixes,Francisca Simone,Davi Rodrigo Felipe Nogueira,thiago_oliver_nogueira@aerobravo.com.br,HZuTlcWH5z,57071-244,Rua Maribondo,823,Clima Bom,Maceió,AL,(82) 3771-7046,(82) 99468-9485,1.98,100.0,A+,amarelo
46,Pietra Liz Brenda Jesus,73,193.457.828-26,15.141.548-1,1950-04-05 00:00:00.0,Feminino,Áries,Maria Emilly,André Augusto Jesus,pietra.liz.jesus@agenciadbd.com,Ec789Yfl3h,77808-624,Rua das Sempre-Vivas,687,Setor Tocantins,Araguaína,TO,(63) 2768-2298,(63) 99105-1368,1.83,50.0,A+,verde
47,Benício Vitor Fogaça,24,972.563.275-36,12.421.143-4,1999-03-21 00:00:00.0,Masculino,Áries,Milena Márcia,Felipe Carlos Eduardo Fogaça,beniciovitorfogaca@yaooll.com,pLU1c77KMm,64600-008,Rua São José,950,Centro,Picos,PI,(89) 2957-2125,(89) 98529-5060,1.86,105.0,AB+,roxo
48,Luzia Bruna Valentina Ferreira,31,875.690.220-41,17.779.752-6,1992-04-02 00:00:00.0,Feminino,Áries,Camila Beatriz,Enrico Vicente Yago Ferreira,luzia_ferreira@hotmaill.com,icmsUKURsG,77828-518,Alameda das Violetas,110,Loteamento Jardins Siena,Araguaína,TO,(63) 2702-7117,(63) 98922-7001,1.58,54.0,A-,azul
49,Allana Valentina Brenda Rezende,19,470.201.947-37,36.420.240-3,2004-01-24 00:00:00.0,Feminino,Aquário,Emanuelly Giovana,Davi Bruno Gustavo Rezende,allana-rezende70@hotmail.com.br,Af31ZFWESj,57086-232,Quadra R,867,Benedito Bentes,Maceió,AL,(82) 3873-2195,(82) 98226-9989,1.78,86.0,B-,laranja
50,Elaine Luciana Viana,24,888.292.102-69,20.786.668-5,1999-03-21 00:00:00.0,Feminino,Áries,Betina Rebeca,Fernando Breno Nelson Viana,elaine_luciana_viana@br.ibm.com,Sqlm7Psy4P,41510-341,Alameda da Polônia,785,São Cristóvão,Salvador,BA,(71) 3929-7003,(71) 98615-9145,1.73,49.0,AB-,amarelo
51,Benjamin Joaquim Alexandre Gomes,37,451.504.275-00,41.551.965-2,1986-03-06 00:00:00.0,Masculino,Peixes,Sophie Brenda Priscila,Erick José Gomes,benjamin-gomes91@bodyfast.com.br,5Y3sHxriSF,17017-330,Rua Paulino Raphael,413,Jardim América,Bauru,SP,(14) 2562-7087,(14) 99972-0248,1.8,90.0,A-,amarelo
52,Yago Davi Castro,74,939.629.459-46,26.522.859-1,1949-03-15 00:00:00.0,Masculino,Peixes,Sebastiana Sara Helena,Lorenzo Carlos Eduardo Castro,yago.davi.castro@profemme.com.br,2X7yIQ3ghF,12053-480,Avenida Três,285,Conjunto Habitacional C.D.H.U.,Taubaté,SP,(12) 3987-3341,(12) 99915-3479,1.79,78.0,A+,azul
53,Benedita Luciana Ester Martins,66,422.147.640-03,37.276.908-1,1957-01-18 00:00:00.0,Feminino,Capricórnio,Malu Antônia,Alexandre Murilo Oliver Martins,benedita-martins90@mailnull.com,cq8ciazB2U,69304-370,Rua José Coelho,811,Mecejana,Boa Vista,RR,(95) 3556-2167,(95) 99454-8723,1.5,45.0,B-,verde
54,César Isaac Bernardes,48,090.245.914-73,27.310.683-1,1975-03-14 00:00:00.0,Masculino,Peixes,Fátima Bianca Liz,Miguel Vicente Levi Bernardes,cesar_bernardes@htomail.com,EZj96O8FUo,29152-272,Rua Lucilo Chagas,141,Alto Boa Vista,Cariacica,ES,(27) 3957-3971,(27) 99636-5565,1.72,102.0,A+,azul
55,Laís Nair Ribeiro,48,069.613.287-76,35.073.671-6,1975-01-19 00:00:00.0,Feminino,Capricórnio,Hadassa Alícia,Felipe Fernando Pedro Ribeiro,lais_nair_ribeiro@patrezao.com.br,kOJx2oCDXh,82515-140,Rua Albatroz,175,Bacacheri,Curitiba,PR,(41) 2822-6324,(41) 99184-3267,1.63,60.0,AB+,vermelho
56,Gabrielly Gabrielly Carvalho,27,325.207.444-30,15.320.058-3,1996-02-01 00:00:00.0,Feminino,Aquário,Antonella Teresinha Lorena,João Ruan Carvalho,gabrielly-carvalho93@hellokitty.com,lfBWQjUok2,58079-788,Rua Pedro Pereira da Silva,255,Grotão,João Pessoa,PB,(83) 2902-1319,(83) 98659-2920,1.55,89.0,AB+,verde
57,Pedro Victor Vitor da Rocha,18,468.347.628-25,38.126.926-7,2005-04-03 00:00:00.0,Masculino,Áries,Carla Maria Luana,José José da Rocha,pedro_darocha@mmetalica.com.br,kgZkRIiJye,84032-475,Rua João Graniski,907,Cará-cará,Ponta Grossa,PR,(42) 2795-6631,(42) 99886-0407,1.62,70.0,A-,azul
58,Flávia Lara Sophia Baptista,38,644.024.106-06,39.395.776-7,1985-04-02 00:00:00.0,Feminino,Áries,Marlene Liz,Breno Benício Renato Baptista,flavia_lara_baptista@lognat.com.br,kH9PZlXRrs,72861-118,Quadra Quadra 24,235,Chácaras Araguaia,Novo Gama,GO,(61) 3993-9617,(61) 99957-1516,1.58,55.0,A+,azul
59,Joaquim Carlos Eduardo Moraes,73,141.623.751-86,44.924.881-1,1950-02-20 00:00:00.0,Masculino,Peixes,Clarice Sara,Julio Benjamin Moraes,joaquim-moraes94@novotempo.org.br,3BeuAKP19i,91110-052,Rua Anselmo Valentim Zottis,376,Sarandi,Porto Alegre,RS,(51) 2846-3669,(51) 98436-7310,1.67,86.0,AB-,preto
60,Gabriel Emanuel Elias da Luz,23,907.881.233-86,18.941.110-7,2000-02-25 00:00:00.0,Masculino,Peixes,Márcia Josefa,Noah Lorenzo Bruno da Luz,gabriel_daluz@zf-lenksysteme.com,9MCKgJxRo7,59139-000,Avenida dos Caboclinhos,793,Lagoa Azul,Natal,RN,(84) 2803-5091,(84) 99518-7901,1.68,80.0,AB-,laranja
61,Raimundo Leandro Breno Melo,29,758.655.137-53,30.450.957-7,1994-03-02 00:00:00.0,Masculino,Peixes,Luna Aline Stella,Erick Caio Melo,raimundoleandromelo@resource.com.br,mFHCDM5wpB,59612-420,Rua Coronel Milton Freire,595,Abolição,Mossoró,RN,(84) 3626-9977,(84) 98796-4231,1.7,83.0,B-,amarelo
62,Benedita Marina Elisa Costa,71,140.473.906-82,39.322.008-4,1952-04-04 00:00:00.0,Feminino,Áries,Raquel Aurora Lívia,Hugo Lucas Luís Costa,benedita.marina.costa@megasurgical.com.br,4XTQetIbPj,69912-062,Rua Tabosa,710,João Paulo,Rio Branco,AC,(68) 2613-4030,(68) 99847-3839,1.78,48.0,B-,preto
63,Marcos Vinicius Roberto Breno da Cunha,54,712.344.130-35,33.648.999-7,1969-02-25 00:00:00.0,Masculino,Peixes,Emilly Sophia Marina,Kaique Roberto da Cunha,marcos.vinicius.dacunha@gilconsultoria.com.br,RNcDNoWbww,29301-510,Rua Jacob Miranda,362,Maria Ortiz,Cachoeiro de Itapemirim,ES,(28) 2673-2723,(28) 98360-2717,1.85,65.0,AB-,roxo
64,Theo Igor Freitas,35,381.358.959-50,40.989.912-4,1988-03-12 00:00:00.0,Masculino,Peixes,Letícia Luciana Ester,Sebastião Marcelo Pietro Freitas,theoigorfreitas@girocenter.com.br,kzhlZNmy7T,29709-172,Rua João Giuberti,725,Santa Mônica,Colatina,ES,(27) 3836-9647,(27) 98466-2411,1.67,61.0,B+,roxo
65,Teresinha Manuela Louise Teixeira,54,061.137.588-50,32.008.593-4,1969-03-06 00:00:00.0,Feminino,Peixes,Francisca Caroline Regina,Davi Julio Marcos Teixeira,teresinhamanuelateixeira@limao.com.br,eX5k1dEy8x,57043-070,Rua Empresário Antônio Lima Morais,806,Feitosa,Maceió,AL,(82) 3761-1392,(82) 98727-5408,1.62,63.0,B-,vermelho
66,Alexandre Mário Felipe Aparício,23,190.052.002-86,47.826.104-4,2000-04-07 00:00:00.0,Masculino,Áries,Isabel Yasmin Jennifer,Ian Enrico Guilherme Aparício,alexandre.mario.aparicio@rj.net,57gN3lfuZ9,69099-537,Travessa Iriri,890,Cidade de Deus,Manaus,AM,(92) 2855-8021,(92) 99145-6796,1.92,106.0,AB+,laranja
67,Augusto Matheus Julio Pereira,61,513.499.943-08,36.372.296-8,1962-02-20 00:00:00.0,Masculino,Peixes,Alessandra Débora,Roberto Danilo Pereira,augusto-pereira78@prifree.fr,XWmLI50uwo,78130-520,Rua Equador,743,Ikaray,Várzea Grande,MT,(65) 3606-7140,(65) 98993-8295,1.68,62.0,AB-,roxo
68,Severino Vicente Rezende,45,757.242.905-02,20.468.857-7,1978-04-01 00:00:00.0,Masculino,Áries,Antônia Sophia Cláudia,Thiago Bernardo Rezende,severino-rezende98@ativacofres.com.br,DbCfyKwjN3,89010-660,Rua Osvaldo Berndt,129,Bom Retiro,Blumenau,SC,(47) 2802-2855,(47) 99451-7646,1.85,79.0,A+,azul
69,Emanuelly Eloá Almeida,20,977.686.217-94,43.642.750-3,2003-02-08 00:00:00.0,Feminino,Aquário,Daniela Andreia Priscila,Marcos Vinicius Sérgio Vitor Almeida,emanuelly-almeida97@cavalinho.srv.br,NdZ5QQCZkI,13054-663,Rua Isabel Vilha,653,Dic VI (Conjunto Habitacional Santo Dias Silva),Campinas,SP,(19) 3973-9198,(19) 99730-6350,1.6,83.0,AB-,roxo
70,Kevin Paulo Matheus Barbosa,38,986.453.502-11,45.589.830-3,1985-04-20 00:00:00.0,Masculino,Áries,Betina Andrea,Carlos Eduardo Juan Barbosa,kevin_paulo_barbosa@demasi.com.br,ynLX08hbAu,69029-060,Rua Lauro Bittencourt,871,Santo Antônio,Manaus,AM,(92) 3571-7391,(92) 99680-3455,1.73,97.0,A+,roxo
71,Allana Eliane Carolina da Silva,77,548.775.385-77,18.377.543-0,1946-01-02 00:00:00.0,Feminino,Capricórnio,Emily Tatiane,César Rodrigo Enzo da Silva,allana_eliane_dasilva@mavex.com.br,7utfJxUmG0,54315-124,Rua Mariana Pedula,852,Jardim Jordão,Jaboatão dos Guararapes,PE,(81) 3861-1093,(81) 98765-0975,1.71,72.0,B+,preto
72,Luís Roberto Aragão,66,287.326.713-50,25.015.594-1,1957-01-22 00:00:00.0,Masculino,Aquário,Ester Jéssica Cláudia,Bruno Marcos Martin Aragão,luis-aragao73@riscao.com.br,33jl8uFjJF,71725-107,Quadra QR 1 Conjunto G,503,Candangolândia,Brasília,DF,(61) 2831-7305,(61) 98612-5870,1.94,103.0,AB-,amarelo
73,Ricardo Heitor da Mata,44,062.441.780-84,36.039.942-3,1979-02-08 00:00:00.0,Masculino,Aquário,Giovanna Isadora,Lucca Thomas da Mata,ricardoheitordamata@uniara.com.br,QPfKDaRGNd,76813-492,Rua Reverência,772,Mariana,Porto Velho,RO,(69) 3968-4495,(69) 98584-0239,1.66,109.0,AB+,roxo
74,Rebeca Marli Yasmin Viana,52,479.905.560-73,13.686.100-3,1971-02-22 00:00:00.0,Feminino,Peixes,Aurora Eduarda,Kauê Edson Viana,rebeca-viana71@albap.com.br,uPrdUc0TTu,40296-640,Rua Santo Heládio,816,Candeal,Salvador,BA,(71) 2827-5018,(71) 99561-4574,1.56,48.0,O-,verde
75,Isabelly Allana Nina Silveira,56,934.405.132-11,36.664.312-5,1967-04-01 00:00:00.0,Feminino,Áries,Adriana Luciana Milena,Ruan Ian Victor Silveira,isabelly_silveira@muricy.com,ExYEXUWEWl,29708-090,Rua Heitor Torres Pereira,710,Vista da Serra,Colatina,ES,(27) 3552-0119,(27) 98269-9978,1.7,54.0,B-,vermelho
76,Raul Nathan Yuri Galvão,60,252.400.697-27,16.606.157-8,1963-03-12 00:00:00.0,Masculino,Peixes,Agatha Vanessa,Kauê João Vinicius Galvão,raulnathangalvao@atualmarcenaria.com.br,3ZIhyJIBGI,68903-870,Rua Adrião Rocha Oliveira,181,Araxá,Macapá,AP,(96) 2670-6283,(96) 98956-8498,1.99,51.0,AB+,azul
77,Natália Luzia Alícia Ferreira,70,810.752.606-63,14.187.662-1,1953-04-02 00:00:00.0,Feminino,Áries,Marlene Sônia,Fernando Felipe Ferreira,natalialuziaferreira@akto.com.br,YRbaDRFXkw,58424-186,Rua Saulo de Tarso Ribeiro Garcia,382,Três Irmãs,Campina Grande,PB,(83) 2518-4973,(83) 98170-3253,1.62,85.0,B-,vermelho
78,Luciana Lavínia Martins,44,244.112.896-52,28.302.453-7,1979-02-23 00:00:00.0,Feminino,Peixes,Raimunda Maria,Carlos Benício Martins,luciana_martins@agenciaph.com,ttcR4hRC8i,77420-830,Rua 28-A,711,Parque Residencial Nova Fronteira,Gurupi,TO,(63) 2698-9352,(63) 99270-2610,1.69,75.0,A-,preto
79,Joana Kamilly Mendes,71,321.431.866-73,10.172.334-9,1952-03-17 00:00:00.0,Feminino,Peixes,Marlene Sophia,Renan Lucas Tiago Mendes,joana_kamilly_mendes@econe.com.br,ow81jQzWhs,69313-655,Travessa P-02,665,Caranã,Boa Vista,RR,(95) 2969-1291,(95) 98670-9404,1.68,63.0,A-,preto
80,Ana Isadora Pinto,27,884.093.439-16,19.039.358-0,1996-03-21 00:00:00.0,Feminino,Áries,Emilly Joana Daniela,Luís Emanuel Pinto,ana_pinto@lidertel.com.br,HqHzPkxdCi,59010-125,Travessa Altamira,425,Praia do Meio,Natal,RN,(84) 2679-7721,(84) 98748-8170,1.67,87.0,B+,azul
81,Breno Vicente Anderson Castro,32,187.486.206-02,49.773.503-9,1991-03-23 00:00:00.0,Masculino,Áries,Helena Sara Laura,Arthur João Castro,breno_vicente_castro@yazigi.com,AOshbWoJfM,59070-190,Rua Piancó,645,Cidade da Esperança,Natal,RN,(84) 2756-5160,(84) 99773-5072,1.97,90.0,O-,laranja
82,Vitor Heitor Lucas da Rocha,52,650.092.887-37,28.042.549-1,1971-04-05 00:00:00.0,Masculino,Áries,Marli Stella,Breno Theo Benjamin da Rocha,vitor.heitor.darocha@tivit.com.br,YwJE3i2qj3,29136-534,Rua Ministro Rui Barreto,452,Parque Industrial,Viana,ES,(27) 3570-4513,(27) 99354-6446,1.73,87.0,A-,preto
83,Alexandre Benedito Campos,41,439.165.776-70,15.441.094-9,1982-02-23 00:00:00.0,Masculino,Peixes,Antônia Luana,Emanuel Nelson Ruan Campos,alexandre-campos97@vivo.com.br,Zr7cUtuUQY,72231-622,Quadra QNP 16 Conjunto V,810,Ceilândia Sul (Ceilândia),Brasília,DF,(61) 3933-3800,(61) 98307-7946,1.72,62.0,O-,amarelo
84,Kevin Roberto Giovanni Souza,21,352.838.308-96,38.519.942-9,2002-01-12 00:00:00.0,Masculino,Capricórnio,Benedita Pietra Luzia,Fábio Theo Souza,kevinrobertosouza@luxafit.com.br,41ynqoDDZ9,57303-054,Rua Santo Expedito,320,Verdes Campos,Arapiraca,AL,(82) 3723-1992,(82) 98943-5256,1.88,102.0,B-,roxo
85,Carlos Eduardo Gustavo Heitor Carvalho,44,335.719.214-45,32.062.541-2,1979-02-22 00:00:00.0,Masculino,Peixes,Emily Isadora,Marcelo Juan Rodrigo Carvalho,carlos-carvalho83@focusgrafica.com.br,4dwbwyZ8X5,96405-100,Rua Paulo Barcelos da Silveira,197,Arvorezinha,Bagé,RS,(53) 2768-0792,(53) 98465-3833,1.81,54.0,A-,amarelo
86,Luís Leandro da Mota,32,640.262.369-51,25.500.289-0,1991-03-25 00:00:00.0,Masculino,Áries,Francisca Sônia Natália,Enzo César Cláudio da Mota,luisleandrodamota@lexos.com.br,DFekZxRCKf,57305-849,Rua Rufino Malaquias da Silva,876,Zélia Barbosa Rocha,Arapiraca,AL,(82) 3580-4993,(82) 98186-3711,1.68,99.0,AB-,amarelo
87,Mariah Luzia Esther Peixoto,72,701.996.861-90,38.010.899-9,1951-02-26 00:00:00.0,Feminino,Peixes,Elza Alana Priscila,Benício Edson Peixoto,mariahluziapeixoto@alvesbarcelos.com.br,YHMXxFouep,73805-232,Rua 12A,963,Jardim Oliveira,Formosa,GO,(61) 3559-0755,(61) 99362-3455,1.65,72.0,O-,roxo
88,Kevin Ruan Sales,68,097.460.654-59,39.330.172-2,1955-02-23 00:00:00.0,Masculino,Peixes,Sônia Sônia,Julio Anthony Yago Sales,kevin_sales@imeio.com,XRI1t4Cnib,35502-301,Rua Pirineus,617,Floramar,Divinópolis,MG,(37) 3989-6953,(37) 99670-8700,1.72,88.0,B-,vermelho
89,Diego Luan Moreira,72,111.983.334-56,22.057.074-7,1951-04-16 00:00:00.0,Masculino,Áries,Cecília Lorena Isadora,Filipe Vicente Luiz Moreira,diego_moreira@gabiaatelier.com.br,IrmuQ1LzfK,27965-085,Avenida Raphael Chrysanto Sampaio Guerra,582,São José do Barreto,Macaé,RJ,(22) 3501-9120,(22) 98589-7806,1.84,109.0,A-,vermelho
90,Vitória Andreia Tereza Silva,76,024.329.136-12,13.288.843-9,1947-01-10 00:00:00.0,Feminino,Capricórnio,Benedita Maitê,Giovanni Severino Silva,vitoriaandreiasilva@sebrace.com.br,qGDiEKuOkH,88900-037,Avenida Getúlio Vargas,262,Centro,Araranguá,SC,(48) 2840-2268,(48) 99925-6767,1.64,81.0,B+,vermelho
91,Danilo Guilherme Caio Ramos,42,844.255.375-48,21.153.949-1,1981-01-12 00:00:00.0,Masculino,Capricórnio,Julia Andreia,Alexandre Thiago Pietro Ramos,danilo-ramos80@mixfmmanaus.com.br,z886Gwjwix,04116-000,Avenida Prefeito Fábio Prado,596,Jardim Vila Mariana,São Paulo,SP,(11) 2536-1681,(11) 98493-2519,1.68,82.0,B-,laranja
92,Carolina Olivia dos Santos,67,341.444.502-60,45.887.738-4,1956-04-13 00:00:00.0,Feminino,Áries,Jéssica Marina,Oliver Yago Guilherme dos Santos,carolinaoliviadossantos@cathedranet.com.br,QQ8oFW8hPK,68901-264,Passagem Santa Catarina,964,Santa Rita,Macapá,AP,(96) 2540-3175,(96) 98410-6165,1.58,53.0,O+,azul
116,Luiz Filipe Rafael Lopes,67,435.181.842-53,34.856.275-5,1956-04-16 00:00:00.0,Masculino,Áries,Alice Carolina Isadora,Martin Bruno Lopes,luiz_lopes@ovale.com.br,Qm3T4Wq9uc,88810-740,Rua 658,650,Archimedes Naspolini,Criciúma,SC,(48) 3866-0586,(48) 99920-5575,1.94,64.0,B+,preto
93,Noah Lorenzo Pires,43,651.115.345-20,44.624.641-4,1980-03-05 00:00:00.0,Masculino,Peixes,Regina Letícia Aparecida,Renan Raimundo Lucca Pires,noahlorenzopires@trilhavitoria.com.br,bdL0wJJ5Ps,56306-381,1ª Travessa Duque de Caxias,553,Vila Mocó,Petrolina,PE,(87) 3783-0766,(87) 99965-3822,1.97,58.0,B-,amarelo
94,Regina Agatha Pinto,63,125.434.470-59,33.812.675-2,1960-01-04 00:00:00.0,Feminino,Capricórnio,Teresinha Catarina Gabriela,Tiago Miguel Ian Pinto,regina_agatha_pinto@academiaconcerto.art.br,7za5yfQN7x,41940-120,Rua Conceição Menezes,792,Rio Vermelho,Salvador,BA,(71) 2769-6157,(71) 99788-7730,1.82,85.0,O+,vermelho
95,Sebastião Paulo Ian da Paz,38,569.658.585-08,48.448.077-7,1985-04-02 00:00:00.0,Masculino,Áries,Caroline Sandra Mariah,Davi Filipe da Paz,sebastiao_paulo_dapaz@innovatis.com.br,eU5RYtPung,35180-332,Rua Trinta e Seis,224,Timirim,Timóteo,MG,(31) 2746-4100,(31) 98286-6958,1.78,107.0,O+,azul
96,Cláudia Luna da Mota,25,889.853.459-07,42.261.402-6,1998-04-22 00:00:00.0,Feminino,Touro,Raquel Fátima Daiane,Renan Vinicius da Mota,claudialunadamota@cbsaperfeicoamento.com.br,LEcpd0sEq1,89290-159,Rua Amanda Roesler,793,25 de Julho,São Bento do Sul,SC,(47) 3556-7754,(47) 98375-3273,1.69,48.0,AB-,amarelo
97,Andrea Aparecida Giovanna Rezende,62,389.119.294-09,43.628.905-2,1961-03-21 00:00:00.0,Feminino,Áries,Andreia Esther Mariana,Jorge Julio Anderson Rezende,andrea_aparecida_rezende@estadao.com.br,pIFQ2jWyOK,58090-760,Rua Evaldo Braga,956,Alto do Mateus,João Pessoa,PB,(83) 3927-7806,(83) 99481-6895,1.55,87.0,A+,verde
98,Samuel Cauã Erick Sales,46,248.030.368-37,17.650.324-9,1977-01-18 00:00:00.0,Masculino,Capricórnio,Maya Maitê,Rodrigo Guilherme Bernardo Sales,samuel_sales@metroquali.com.br,7GHEYCgeGH,74492-190,Rua P 8,435,Residencial Portinari,Goiânia,GO,(62) 2532-5637,(62) 98342-5364,1.94,96.0,B+,laranja
99,Eloá Sara da Luz,61,884.098.493-30,41.524.344-0,1962-04-19 00:00:00.0,Feminino,Áries,Ester Jéssica,Elias Danilo da Luz,eloa-daluz84@validtecnologia.com.br,6821rqe5tX,89239-308,Rua Roberto Meier,335,Pirabeiraba (Pirabeiraba),Joinville,SC,(47) 3533-0854,(47) 99526-9245,1.73,90.0,B-,azul
100,Eloá Lorena Almeida,80,995.710.953-70,21.221.622-3,1943-01-15 00:00:00.0,Feminino,Capricórnio,Valentina Fernanda Isabela,Isaac Benedito Rodrigo Almeida,eloa_almeida@deere.com,z1OxYTWqsh,97502-370,Beco da Delegacia,718,Santana,Uruguaiana,RS,(55) 2928-9022,(55) 99679-2761,1.76,62.0,A-,verde
101,Benjamin Anderson Davi Jesus,60,675.545.456-71,49.104.411-2,1963-01-24 00:00:00.0,Masculino,Aquário,Bruna Sueli,Manuel Ricardo Jesus,benjamin_anderson_jesus@bodyfast.com.br,u3zptwmPLI,96420-340,Rua Trezentos e Três,830,Castro Alves,Bagé,RS,(53) 3738-8931,(53) 99757-4217,1.85,55.0,O+,vermelho
102,Tomás Benjamin Monteiro,45,109.620.931-49,27.399.384-7,1978-04-04 00:00:00.0,Masculino,Áries,Patrícia Alana,César Tomás Monteiro,tomas_monteiro@hlt.arq.br,WOAglnMehi,59120-230,Rua Planalto,924,Potengi,Natal,RN,(84) 2584-3123,(84) 98157-3272,1.6,94.0,AB+,amarelo
103,Lucas Ian Oliver de Paula,46,064.584.114-56,47.445.886-6,1977-03-09 00:00:00.0,Masculino,Peixes,Raimunda Flávia,Antonio Kauê Pedro Henrique de Paula,lucasiandepaula@commscope.com,uiHyrq15i2,53220-411,Rua Monte Sinai,359,Peixinhos,Olinda,PE,(81) 2940-6182,(81) 98889-6858,1.88,57.0,O+,azul
104,Kauê Sérgio Kevin Carvalho,31,835.994.930-14,41.441.339-8,1992-01-11 00:00:00.0,Masculino,Capricórnio,Regina Nair Marina,Calebe Rodrigo Carvalho,kaue_sergio_carvalho@eccotrans.com.br,5ZpZonmOzw,75143-105,Rua Austrália,437,Jardim Nações Unidas,Anápolis,GO,(62) 2966-8458,(62) 99886-0090,1.9,72.0,B-,laranja
105,Valentina Camila Jennifer da Cunha,73,848.802.634-00,22.760.275-4,1950-03-14 00:00:00.0,Feminino,Peixes,Flávia Luciana,Roberto João Joaquim da Cunha,valentina_dacunha@madhause.com.br,t9UN3fSPDt,60312-050,Vila Vanusa,539,Carlito Pamplona,Fortaleza,CE,(85) 3750-8214,(85) 99265-6135,1.81,64.0,B+,amarelo
106,Alexandre Otávio Thiago Vieira,56,728.893.576-00,18.977.936-6,1967-02-02 00:00:00.0,Masculino,Aquário,Clarice Maya Isabella,Renato Breno Nicolas Vieira,alexandre.otavio.vieira@3dmaker.com.br,MhRdBdnjNq,58088-700,Rua Antônio Gouveia Henrique,912,Oitizeiro,João Pessoa,PB,(83) 2584-2084,(83) 98477-7164,1.64,95.0,A+,azul
107,Daiane Bruna Bianca das Neves,24,579.158.429-60,15.968.581-3,1999-02-11 00:00:00.0,Feminino,Aquário,Benedita Priscila,Benjamin Bruno das Neves,daianebrunadasneves@wwlimpador.com.br,s6CTQLqstA,85603-388,Avenida Roma,927,Jardim Floresta,Francisco Beltrão,PR,(46) 3529-7032,(46) 98251-3767,1.72,68.0,O-,laranja
108,Isis Manuela Isabel Lima,47,471.429.675-28,23.786.449-6,1976-01-13 00:00:00.0,Feminino,Capricórnio,Tatiane Lívia,Eduardo Yago Lima,isis-lima74@comercialrafael.com.br,WTYZrSoOX4,49066-440,Travessa São João,335,Industrial,Aracaju,SE,(79) 3738-1367,(79) 98466-2821,1.79,57.0,B+,roxo
109,Maya Sarah Silveira,21,103.222.582-35,24.614.395-2,2002-02-22 00:00:00.0,Feminino,Peixes,Lavínia Sophia Helena,Geraldo Murilo Daniel Silveira,maya-silveira82@oliveiracontabil.com.br,bfCs0xjbbL,49095-770,Praça José Ariel Rabelo de Almeida,179,Jabotiana,Aracaju,SE,(79) 3820-0708,(79) 98359-3931,1.53,64.0,A-,laranja
110,Renan Francisco Campos,23,214.600.113-50,33.806.220-8,2000-03-12 00:00:00.0,Masculino,Peixes,Carla Cláudia,Tomás Kaique Gael Campos,renan_francisco_campos@bemdito.com.br,RqQHLzW15D,53580-721,1ª Travessa Rio Paraná,265,Fosfato,Abreu e Lima,PE,(81) 3506-3448,(81) 99848-7686,1.94,93.0,AB+,laranja
111,Analu Yasmin Helena da Rocha,52,115.998.555-34,12.693.127-6,1971-02-07 00:00:00.0,Feminino,Aquário,Aparecida Aparecida Rayssa,Thales Bernardo Victor da Rocha,analu-darocha71@freitasepozzatti.com.br,KgnlRlwIgq,59142-280,Rua Mahatma Gandhi,853,Santa Tereza,Parnamirim,RN,(84) 3853-3428,(84) 99284-2561,1.6,52.0,B+,preto
112,Stefany Rafaela Fogaça,69,190.222.901-07,15.967.480-3,1954-03-26 00:00:00.0,Feminino,Áries,Melissa Camila Louise,Luís Lucas Noah Fogaça,stefany_rafaela_fogaca@iaru.com,hElFFjop81,24722-150,Rua Poaca,446,Vista Alegre,São Gonçalo,RJ,(21) 2631-3692,(21) 99920-9294,1.58,68.0,A-,vermelho
113,Lorena Giovanna Antônia Peixoto,73,144.884.096-10,12.982.094-5,1950-03-04 00:00:00.0,Feminino,Peixes,Sarah Isabel,Marcelo Vicente Peixoto,lorena.giovanna.peixoto@panfletosecia.com,1MJQ62WyEi,69152-390,Rua das Acácias,195,João Novo,Parintins,AM,(92) 3808-1123,(92) 98558-5355,1.68,86.0,B-,roxo
114,Thomas Thomas Márcio Duarte,45,239.912.821-43,50.120.635-8,1978-04-08 00:00:00.0,Masculino,Áries,Eduarda Cecília Luzia,Lucas Benjamin Duarte,thomas_thomas_duarte@temavonfeccaosjc.com.br,otYqiE1KfE,65917-090,Rua Bom Jesus,944,Boca da Mata,Imperatriz,MA,(98) 3980-7138,(98) 99347-0692,1.65,65.0,A-,amarelo
115,Hugo Matheus Alves,73,380.040.107-09,39.153.966-8,1950-03-08 00:00:00.0,Masculino,Peixes,Clara Marli,Vinicius Mário Isaac Alves,hugo-alves85@steadyoffice.com.br,H1fodf9zFT,76824-343,Rua Júlia,771,Igarapé,Porto Velho,RO,(69) 2681-0943,(69) 98938-8624,1.71,58.0,B-,verde
117,Giovanni Paulo Dias,74,065.414.036-78,24.791.709-6,1949-03-09 00:00:00.0,Masculino,Peixes,Larissa Luiza,Gabriel Ian Dias,giovanni_paulo_dias@tafeta.com.br,3KNXmXUgTS,86706-260,Rua Formigueiro-estrelado,713,Conjunto Padre Bernardo Merckel,Arapongas,PR,(43) 2973-3788,(43) 98944-4347,1.73,89.0,AB+,roxo
118,Marli Marcela Assunção,28,312.089.230-05,11.294.076-6,1995-01-03 00:00:00.0,Feminino,Capricórnio,Silvana Nicole Vera,Márcio Augusto Gael Assunção,marli_assuncao@mktec.com.br,BZw0rbuW9l,59149-260,Avenida Maria Amélia Machado,244,Emaús,Parnamirim,RN,(84) 2787-7800,(84) 99880-7410,1.79,67.0,O-,azul
119,Isis Catarina da Silva,23,571.896.337-15,21.869.995-5,2000-02-09 00:00:00.0,Feminino,Aquário,Benedita Bruna,Enzo Bernardo da Silva,isis-dasilva87@outlock.com.br,FX6dzK2P8e,57300-200,Praça Senhor do Bonfim,182,Centro,Arapiraca,AL,(82) 2699-9244,(82) 99454-2938,1.83,69.0,B+,preto
120,Luzia Isabelly Farias,61,387.160.649-92,19.623.997-7,1962-04-21 00:00:00.0,Feminino,Touro,Sônia Regina Renata,Gael Sebastião Lucas Farias,luziaisabellyfarias@me.com,dRcj7dDzJ3,64023-641,Rua Doutor Constantino Lopes da Silva,986,Catarina,Teresina,PI,(86) 3534-1768,(86) 99856-3153,1.63,67.0,A-,vermelho
121,Pedro Vitor Vitor Fernandes,18,697.923.776-46,14.415.049-9,2005-01-14 00:00:00.0,Masculino,Capricórnio,Carla Elisa,Marcelo Davi Fernandes,pedro_vitor_fernandes@trt15.jus.br,Gk3LQwP5r4,29111-592,Rua Oiticica,253,Cobilândia,Vila Velha,ES,(27) 3590-4469,(27) 99827-7079,2.0,55.0,O+,amarelo
122,Sebastiana Regina da Mota,52,004.184.246-40,39.403.415-6,1971-02-23 00:00:00.0,Feminino,Peixes,Maitê Maitê Sarah,Marcelo Caleb Vicente da Mota,sebastianareginadamota@transportesflores.com.br,uJnOXqyoRy,69912-210,Rua Tucano,214,Plácido de Castro,Rio Branco,AC,(68) 2676-1676,(68) 99677-0664,1.59,45.0,AB-,roxo
123,Benjamin Fábio Teixeira,75,045.319.415-00,38.419.061-3,1948-04-02 00:00:00.0,Masculino,Áries,Luana Vitória Antônia,Vinicius Luís Cauê Teixeira,benjamin-teixeira85@mx.labinal.com,9SoLW6ySrc,76812-396,Rua Liberdade,448,Três Marias,Porto Velho,RO,(69) 2863-9458,(69) 99907-2676,1.72,101.0,O+,roxo
124,Heloise Marcela Porto,33,168.913.849-15,17.910.902-9,1990-01-18 00:00:00.0,Feminino,Capricórnio,Beatriz Esther Isis,Kevin Mateus Vicente Porto,heloise_porto@vizzacchi.com.br,mqk2ehK53Z,49067-183,Travessa Novo Éden,129,Porto D'Antas,Aracaju,SE,(79) 3673-6529,(79) 98719-6512,1.77,67.0,O+,laranja
125,Nina Carolina Priscila Silva,70,410.168.127-95,40.844.854-4,1953-04-18 00:00:00.0,Feminino,Áries,Ayla Benedita Rayssa,Jorge Benedito Kevin Silva,nina-silva99@ddfnet.com.br,TuCH9K3Zhy,35904-035,Rua Juriti,271,Pedreira,Itabira,MG,(31) 2692-4421,(31) 98113-8616,1.6,76.0,A+,preto
126,Theo Gustavo Oliveira,26,427.998.799-85,20.748.476-4,1997-03-17 00:00:00.0,Masculino,Peixes,Rafaela Jaqueline,Benício Danilo Sebastião Oliveira,theo-oliveira83@likaleal.com.br,r0QGG6QF1s,57600-120,Rua Fernandes Lima,954,Centro,Palmeira dos Índios,AL,(82) 3819-3863,(82) 99479-3458,1.96,58.0,A-,vermelho
127,Fabiana Mariane Peixoto,45,383.232.481-09,50.838.004-2,1978-04-19 00:00:00.0,Feminino,Áries,Nicole Daiane,Victor Leandro Benício Peixoto,fabiana_mariane_peixoto@psq.med.br,qNO7edPgCo,73369-508,Quadra MR 05,769,Residencial Condomínio Marissol (Planaltina),Brasília,DF,(61) 2759-4998,(61) 99969-0088,1.68,46.0,O-,preto
128,Francisco Joaquim Novaes,19,421.512.730-08,38.681.744-3,2004-03-20 00:00:00.0,Masculino,Peixes,Valentina Fernanda,Theo José Novaes,francisco-novaes75@nipnet.com.br,hRbqlstwwg,55004-042,2ª Travessa General Osório,614,Nossa Senhora das Dores,Caruaru,PE,(81) 3536-6182,(81) 98365-0647,1.88,73.0,AB-,vermelho
129,Hugo Danilo Diego Campos,68,906.280.410-12,37.743.908-3,1955-01-09 00:00:00.0,Masculino,Capricórnio,Larissa Helena,Leonardo Vitor Hugo Campos,hugo-campos77@grupomegavale.com.br,Lq91hwgNJG,57035-270,Rua João Gualberto Pereira do Carmo,767,Ponta Verde,Maceió,AL,(82) 2522-4072,(82) 98787-3314,1.69,68.0,O-,vermelho
130,Hadassa Jennifer Cristiane Drumond,36,774.901.672-48,15.631.083-1,1987-01-23 00:00:00.0,Feminino,Aquário,Maya Sabrina,Augusto Diogo Heitor Drumond,hadassa_drumond@eletrotex.com.br,mniWAyn5Id,79010-300,Rua do Livramento,242,Coronel Antonino,Campo Grande,MS,(67) 2621-8732,(67) 99819-1093,1.64,65.0,O+,laranja
131,Benício Daniel Nunes,31,812.573.512-73,18.687.829-1,1992-04-10 00:00:00.0,Masculino,Áries,Marli Brenda,Antonio Marcos Vinicius Nunes,beniciodanielnunes@power.alston.com,OFsM5DCSDi,60530-300,Rua 202D,639,Conjunto Ceará,Fortaleza,CE,(85) 2859-1697,(85) 98685-9146,1.92,66.0,B+,preto
132,Maitê Julia Eliane Lima,25,473.856.535-45,33.916.522-4,1998-02-14 00:00:00.0,Feminino,Aquário,Fernanda Stella Isabelle,Ian Renan Lima,maite-lima88@marmorariauchoa.com,MiMQN7lDcx,76808-162,Rua Miguel Calmon,855,Caladinho,Porto Velho,RO,(69) 2814-6771,(69) 98128-7270,1.63,65.0,B+,azul
133,Mirella Elza Eloá Mendes,23,923.615.608-87,22.163.298-0,2000-03-24 00:00:00.0,Feminino,Áries,Mariane Tânia Ayla,Cauã Lorenzo Ryan Mendes,mirella-mendes76@achievecidadenova.com.br,RLa9Hszc0h,20760-370,Rua Nossa Senhora das Graças,643,Inhaúma,Rio de Janeiro,RJ,(21) 3943-8584,(21) 99804-7136,1.78,52.0,B+,laranja
134,Henry Vinicius Daniel de Paula,23,673.573.076-38,32.921.069-5,2000-03-20 00:00:00.0,Masculino,Peixes,Juliana Esther Heloise,Henry Paulo Yago de Paula,henry-depaula83@baptistas.com.br,FuuTFjZTPc,64608-120,Rua Recife,580,Parque de Exposição,Picos,PI,(89) 3803-8947,(89) 99270-6150,1.88,53.0,A+,verde
135,Osvaldo Kaique Barbosa,70,378.623.009-98,15.319.365-7,1953-01-22 00:00:00.0,Masculino,Aquário,Gabrielly Cláudia,Levi Bernardo Felipe Barbosa,osvaldo_barbosa@knowconsulting.com.br,9F8nsWstK1,60191-650,Rua 15A,190,Manoel Dias Branco,Fortaleza,CE,(85) 3622-0060,(85) 99632-6894,1.79,82.0,A+,amarelo
136,Anthony Anderson Kaique Santos,33,816.752.813-86,11.206.749-9,1990-04-22 00:00:00.0,Masculino,Touro,Andrea Eloá Ana,Edson Arthur Rafael Santos,anthony_anderson_santos@maxilajes.com.br,YkR1PMlGnc,69908-692,Travessa Canaã,554,Loteamento Santa Helena,Rio Branco,AC,(68) 2877-7594,(68) 98534-9795,1.72,84.0,A+,azul
137,Kevin Jorge Cavalcanti,24,566.707.179-70,10.819.143-6,1999-03-09 00:00:00.0,Masculino,Peixes,Márcia Antonella,Carlos Eduardo André Cavalcanti,kevinjorgecavalcanti@ig.com,zRoq8Etsfo,57030-582,Rua Doutor José Corrêa Filho,117,Ponta da Terra,Maceió,AL,(82) 2982-7804,(82) 99520-9973,1.9,96.0,B+,roxo
138,Leandro Raimundo Costa,59,369.967.169-00,49.671.847-2,1964-04-01 00:00:00.0,Masculino,Áries,Isabella Camila,Diogo Breno Renan Costa,leandro_raimundo_costa@esctech.com.br,PPUDEsgFkn,74355-689,Rua Valídio Spirandelli,830,Setor Orientville,Goiânia,GO,(62) 2757-2739,(62) 99945-3739,1.79,103.0,A+,verde
139,Lucca Benjamin Pedro Castro,28,976.455.126-28,49.947.468-5,1995-04-20 00:00:00.0,Masculino,Áries,Renata Rosângela,Enzo Mateus Nelson Castro,lucca-castro94@bsd.com.br,CQCftkDH1r,13905-111,Rua Bélgica,153,Jardim Camandocaia,Amparo,SP,(19) 3538-4492,(19) 98637-8463,1.89,82.0,AB-,laranja
140,Patrícia Ester Galvão,79,209.998.187-67,33.988.914-7,1944-01-17 00:00:00.0,Feminino,Capricórnio,Nicole Natália Isabel,Victor Nicolas Márcio Galvão,patricia_ester_galvao@conexao.com,xFeRmn6Yc4,72856-120,Quadra Quadra 150,925,Mansões de Recreio Estrela Dalva IV,Luziânia,GO,(61) 3722-7280,(61) 99725-4463,1.53,58.0,AB-,vermelho
141,Leonardo Diogo Benício Brito,46,651.042.611-07,32.530.428-2,1977-04-13 00:00:00.0,Masculino,Áries,Tatiane Laura,Julio Raul Brito,leonardodiogobrito@embraer.com.br,zwAmL8NRq6,77019-427,Quadra 1203 Sul Alameda 18,248,Plano Diretor Sul,Palmas,TO,(63) 2639-5631,(63) 99231-7361,1.64,78.0,B+,verde
142,Letícia Mariane Rodrigues,65,070.235.858-42,17.992.233-6,1958-03-09 00:00:00.0,Feminino,Peixes,Nina Rayssa Heloise,Luís Márcio Rodrigues,leticia_mariane_rodrigues@policiamilitar.sp.gov.br,LYxMkgn8tE,30570-560,Rua Rômulo Bressane Lopes,280,Parque São José,Belo Horizonte,MG,(31) 3861-8392,(31) 98604-2631,1.51,57.0,A+,laranja
143,Tatiane Vitória Ana Silveira,70,701.312.249-13,44.700.148-6,1953-01-25 00:00:00.0,Feminino,Aquário,Amanda Julia Stella,Gael Noah Osvaldo Silveira,tatiane-silveira90@biconsult.com.br,QHzPF0uXhs,76806-860,Rua Cacoal,981,Nova Floresta,Porto Velho,RO,(69) 2892-7319,(69) 99544-2731,1.73,68.0,O+,laranja
144,Isabelle Jennifer Clarice Caldeira,70,727.736.783-97,46.406.662-1,1953-04-15 00:00:00.0,Feminino,Áries,Andreia Julia Aurora,André Ryan Caldeira,isabelle_jennifer_caldeira@ltecno.com.br,XuYRCYaHg3,65066-718,Rua Nove,385,Conjunto Habitacional Turu,São Luís,MA,(98) 2748-7931,(98) 99273-8908,1.66,53.0,AB+,azul
145,Paulo Noah Cauã Moraes,45,478.494.394-30,27.373.601-2,1978-04-19 00:00:00.0,Masculino,Áries,Francisca Jéssica,Martin Caio Ricardo Moraes,paulo_moraes@2registrocivil.com.br,MHQFELNM6Y,25035-400,Rua Entre-Rios,861,Vila Leopoldina,Duque de Caxias,RJ,(21) 3667-0103,(21) 98342-8544,2.0,53.0,B+,vermelho
146,Emanuelly Gabriela Nicole da Paz,63,560.192.998-05,16.964.591-5,1960-01-02 00:00:00.0,Feminino,Capricórnio,Carolina Heloisa Mariane,Ian Julio da Paz,emanuellygabrieladapaz@trbvm.com,62yy8DnsDo,59035-146,Vila Lídia,838,Quintas,Natal,RN,(84) 2893-2835,(84) 99489-4029,1.51,67.0,O-,amarelo
147,Yago Arthur Dias,53,277.915.565-53,34.332.514-7,1970-01-01 00:00:00.0,Masculino,Capricórnio,Rayssa Isabel Rafaela,Ruan Pedro Dias,yago.arthur.dias@huios.com.br,jrPa4uMuUO,85301-280,Rua Governador Trota,717,Centro,Laranjeiras do Sul,PR,(42) 3860-8595,(42) 99199-3292,1.89,107.0,AB+,vermelho
148,Brenda Laura Corte Real,73,682.415.337-05,41.148.700-0,1950-01-26 00:00:00.0,Feminino,Aquário,Heloisa Laís,Cláudio Vitor Benício Corte Real,brenda_cortereal@glaudeimar.com.br,SkLj4gpT5I,69915-062,Rua Petrópolis,923,Loteamento Ipanema,Rio Branco,AC,(68) 2551-2013,(68) 98375-0773,1.8,89.0,A-,vermelho
149,Rodrigo Eduardo Oliver Sales,18,314.904.335-20,14.277.420-0,2005-01-21 00:00:00.0,Masculino,Aquário,Elisa Joana,Alexandre Lucas Hugo Sales,rodrigo_eduardo_sales@juliosimoes.com.br,gPYAOd7jWl,37014-070,Rua Orestes Diniz,929,Vila Santa Cruz,Varginha,MG,(35) 3935-3230,(35) 98959-0011,1.61,110.0,A+,preto
150,José Guilherme Felipe Corte Real,21,903.531.747-50,21.339.511-3,2002-04-18 00:00:00.0,Masculino,Áries,Vera Nicole,Diego Davi Corte Real,jose.guilherme.cortereal@mastria.com.br,XcsjpbDU9d,69029-090,Avenida Luiz de Camões,706,Santo Antônio,Manaus,AM,(92) 2866-4240,(92) 98494-2716,1.79,79.0,A-,amarelo
151,Tomás Marcelo Vitor Moreira,71,408.917.519-47,25.987.486-3,1952-01-26 00:00:00.0,Masculino,Aquário,Alice Natália Sônia,Fernando Francisco Moreira,tomas.marcelo.moreira@boiago.com.br,yU1pwmh2sg,72501-100,Quadra AC 101,832,Santa Maria,Brasília,DF,(61) 2961-5659,(61) 99714-4291,1.96,67.0,B+,roxo
152,Lucca Fábio Costa,41,741.392.633-42,36.894.643-5,1982-03-20 00:00:00.0,Masculino,Peixes,Clarice Vanessa,Murilo Jorge Rafael Costa,luccafabiocosta@baptistas.com.br,jaOxBMra1b,69911-316,Rua Xapuri,968,Conjunto Bela Vista,Rio Branco,AC,(68) 3998-3668,(68) 98668-3950,1.67,82.0,A+,verde
153,César Luiz Raimundo Rocha,59,763.331.902-09,49.856.867-2,1964-01-12 00:00:00.0,Masculino,Capricórnio,Ayla Lara Rebeca,Daniel Daniel Otávio Rocha,cesarluizrocha@mosman.com.br,ahgdS66pqS,69919-820,Rua N1,588,Conjunto Tucumã,Rio Branco,AC,(68) 2598-0956,(68) 99594-2027,1.88,50.0,O-,verde
154,Iago Murilo João Nogueira,60,502.511.733-05,42.865.593-2,1963-04-08 00:00:00.0,Masculino,Áries,Sandra Elaine Daiane,Hugo Elias Nogueira,iago-nogueira73@truckeixo.com.br,IMY1MP9tmd,69901-058,Travessa Santa Luzia,667,Morada do Sol,Rio Branco,AC,(68) 3755-8242,(68) 99584-1431,1.92,97.0,O+,vermelho
155,Marcelo Joaquim Yuri Aparício,29,629.929.829-46,41.648.643-5,1994-02-23 00:00:00.0,Masculino,Peixes,Cecília Carolina,André Ian Levi Aparício,marcelo.joaquim.aparicio@metraseg.com.br,9joA1W0fOD,29194-715,Rua Espírito Santo,207,Guaxindiba,Aracruz,ES,(27) 3998-5702,(27) 99663-9034,1.85,102.0,O+,vermelho
156,Juliana Tereza Gonçalves,61,305.937.378-73,32.899.895-3,1962-02-26 00:00:00.0,Feminino,Peixes,Allana Benedita Vanessa,Ryan Geraldo Gonçalves,juliana_tereza_goncalves@raioazul.com.br,QWruoK2kZe,25271-150,Rua Um,531,Parque Santo Antônio,Duque de Caxias,RJ,(21) 2545-5067,(21) 99679-9786,1.85,89.0,AB+,vermelho
157,Cauã Nicolas Silva,76,917.254.751-03,13.119.423-9,1947-01-01 00:00:00.0,Masculino,Capricórnio,Milena Catarina Analu,Leonardo Carlos Samuel Silva,caua-silva84@securitycontrol.com.br,A4wz3wQbLQ,71693-054,Rua 7,961,Vila São José (São Sebastião),Brasília,DF,(61) 3673-5835,(61) 98633-5745,1.75,68.0,B+,roxo
158,Murilo Mateus Barbosa,42,186.738.532-57,40.389.289-2,1981-02-09 00:00:00.0,Masculino,Aquário,Laís Alana Bruna,Renato Yuri Thomas Barbosa,murilo_barbosa@zipmail.com.br,bs3pWJNwmm,78060-003,Avenida Governador Dante Martins de Oliveira,212,Jardim Leblon,Cuiabá,MT,(65) 2541-1613,(65) 98274-3969,1.94,85.0,O+,vermelho
159,Manuel Roberto Drumond,79,988.832.385-75,44.374.691-6,1944-02-21 00:00:00.0,Masculino,Peixes,Marcela Julia,Diego Luís Severino Drumond,manuel-drumond78@solpro.biz,LBASx8y1Cr,53620-120,Rua Fim de Semana,526,Encanto Igarassu,Igarassu,PE,(81) 2649-8770,(81) 98791-9814,1.65,83.0,B+,verde
160,Cauê Vinicius de Paula,20,068.343.680-51,31.688.112-0,2003-02-03 00:00:00.0,Masculino,Aquário,Silvana Helena,Pedro Henrique Samuel de Paula,caue_depaula@lifefp.com.br,aotoLfqk6g,76908-698,Rua Ipê,251,Valparaíso,Ji-Paraná,RO,(69) 2865-0117,(69) 98247-4589,1.79,64.0,A+,roxo
161,Stella Joana da Cruz,79,053.170.917-56,10.261.878-1,1944-01-11 00:00:00.0,Feminino,Capricórnio,Bárbara Helena Juliana,Guilherme Carlos Yago da Cruz,stella-dacruz79@fingrs.com.br,P7eyMUk8c0,36204-074,Rua José Gonçalves Araújo,204,Santa Efigênia,Barbacena,MG,(32) 2609-6169,(32) 98555-8915,1.75,76.0,B+,preto
162,Severino Lucca Ramos,64,124.661.151-15,24.154.215-7,1959-01-11 00:00:00.0,Masculino,Capricórnio,Amanda Olivia Helena,Mário Roberto Ramos,severino.lucca.ramos@inbox.com,CtmlNPXRuU,35164-120,Rua Turim,234,Bethânia,Ipatinga,MG,(31) 2697-0388,(31) 99426-0180,1.89,50.0,AB-,verde
163,Eduarda Isabella da Rosa,33,901.932.946-48,36.473.975-7,1990-01-04 00:00:00.0,Feminino,Capricórnio,Antônia Luciana,Victor Henrique Rafael da Rosa,eduarda_darosa@vemter.com.br,wIJnWCNTex,64601-303,Travessa Petrônio Portela,227,São José,Picos,PI,(89) 3632-7783,(89) 99195-5001,1.64,60.0,B+,azul
164,Pietra Nair Moura,54,186.023.864-51,34.971.806-4,1969-02-27 00:00:00.0,Feminino,Peixes,Mariana Clara,Benjamin Lorenzo Moura,pietra.nair.moura@gtx.ag,7LD10RGLl4,66030-406,Vila Marina Colassanti,508,Jurunas,Belém,PA,(91) 2714-7339,(91) 99957-9959,1.57,76.0,AB+,vermelho
165,Isis Rayssa Pereira,60,640.339.272-71,20.694.918-2,1963-03-10 00:00:00.0,Feminino,Peixes,Giovanna Josefa,Caleb Sérgio Pereira,isis_rayssa_pereira@cruiser.com.br,8U91B3X8Yo,57073-167,Rua 20,328,Cidade Universitária,Maceió,AL,(82) 2503-6388,(82) 98904-7909,1.65,85.0,O+,azul
166,Patrícia Bianca Souza,42,370.004.255-80,18.968.336-3,1981-01-13 00:00:00.0,Feminino,Capricórnio,Manuela Nair,Miguel Guilherme Souza,patriciabiancasouza@imagemeaudio.com.br,Uznmris4y8,56503-750,Rua B,102,São Cristóvão,Arcoverde,PE,(87) 2596-3584,(87) 98421-2583,1.85,59.0,AB+,preto
167,Anderson Pietro Matheus Dias,79,129.770.519-02,41.769.236-5,1944-04-17 00:00:00.0,Masculino,Áries,Lavínia Allana,Joaquim Miguel Renan Dias,anderson_dias@gamal.com.br,nALTRFqRzS,79908-970,Rua Principal,s/n,Centro,Cabeceira do Apá,MS,(67) 3628-7210,(67) 99774-7251,1.85,86.0,A-,amarelo
168,Sophia Vera da Paz,30,706.784.190-94,26.243.421-0,1993-03-14 00:00:00.0,Feminino,Peixes,Marlene Agatha,Murilo Bernardo da Paz,sophia-dapaz74@aguabr.com.br,O0EH9zgxCq,69036-608,Beco Cassiopéia,456,Santo Agostinho,Manaus,AM,(92) 2975-2244,(92) 98187-7880,1.83,82.0,O-,verde
169,Allana Sophia Barros,30,476.184.848-05,37.598.993-6,1993-02-26 00:00:00.0,Feminino,Peixes,Jaqueline Amanda Rafaela,Marcelo Marcos Yuri Barros,allana-barros88@ctlive.com.br,jANTzwZPaO,80620-170,Praça Monsenhor Francisco Starzinski,381,Água Verde,Curitiba,PR,(41) 2936-6303,(41) 99806-3400,1.64,51.0,O+,roxo
170,Isaac Miguel Rezende,27,828.929.931-13,15.082.244-3,1996-02-09 00:00:00.0,Masculino,Aquário,Benedita Eduarda,Manoel Theo Vicente Rezende,isaac.miguel.rezende@gmapst.com,ZCb7lOgxDN,71715-027,Avenida Segunda Avenida Bloco 960,880,Núcleo Bandeirante,Brasília,DF,(61) 3591-4218,(61) 99734-9982,1.9,101.0,B-,verde
171,Cristiane Bianca Baptista,34,772.505.413-82,28.553.104-9,1989-03-05 00:00:00.0,Feminino,Peixes,Analu Elza Ayla,Bruno Fernando Baptista,cristiane_baptista@innovatis.com.br,dk3zeApYpX,57084-037,Rua A-37,800,Benedito Bentes,Maceió,AL,(82) 3889-8944,(82) 99431-3273,1.72,49.0,AB+,preto
172,Igor Pedro Davi Teixeira,23,340.239.485-51,34.786.788-1,2000-03-21 00:00:00.0,Masculino,Áries,Alice Milena,Henrique Benedito Lorenzo Teixeira,igor_teixeira@leandroreis.com,O7l4r3nWiK,69043-551,Beco Cabral Rolim,778,Alvorada,Manaus,AM,(92) 2703-3635,(92) 99653-5985,1.84,51.0,A+,preto
173,Hugo Gabriel Juan Brito,48,014.367.870-17,49.362.495-8,1975-04-12 00:00:00.0,Masculino,Áries,Alana Gabriela Ayla,Victor Márcio Brito,hugo-brito87@holtmail.com,4srlqrzp5I,66821-765,Travessa Nova Esperança,934,Parque Guajará (Icoaraci),Belém,PA,(91) 2799-3386,(91) 98284-5056,1.8,92.0,B+,preto
174,Antônia Laís Josefa Pires,43,644.356.644-02,11.605.950-3,1980-02-18 00:00:00.0,Feminino,Aquário,Julia Luna Raimunda,Gael Manuel Arthur Pires,antonia-pires75@crsilvadesign.com,mkhgza9LJN,58077-087,Rua Ubirajara dos Santos Lima,182,Cuiá,João Pessoa,PB,(83) 2504-9864,(83) 98803-4537,1.53,79.0,AB-,vermelho
175,Enzo Benjamin Campos,73,681.078.610-43,15.890.489-8,1950-03-05 00:00:00.0,Masculino,Peixes,Marlene Elza,Benício Renato Campos,enzo.benjamin.campos@reisereis.com.br,jHLLFiZfla,25900-031,Rua Agenor da Silva Pinto Coelho,862,Centro,Magé,RJ,(21) 3995-3462,(21) 99793-0144,1.72,63.0,B+,vermelho
176,Laura Lara Alves,44,481.116.230-70,24.095.844-5,1979-01-14 00:00:00.0,Feminino,Capricórnio,Débora Alícia,Raimundo Fábio Felipe Alves,laura-alves71@stilomovelaria.com.br,gw8LxpBRky,59072-885,Rua Cabugi,292,Cidade Nova,Natal,RN,(84) 3853-5736,(84) 99217-9277,1.78,83.0,A-,azul
177,Antônia Luiza Vitória Melo,58,117.997.611-85,47.785.260-9,1965-04-05 00:00:00.0,Feminino,Áries,Mariane Isabel Renata,Benício Augusto Gael Melo,antonialuizamelo@hotmail.it,rlzdQ9df0T,76805-866,Rua Jacy Paraná,548,Baixa União,Porto Velho,RO,(69) 2581-1040,(69) 99926-3394,1.62,73.0,A-,laranja
178,Severino Benjamin Nunes,45,786.666.093-03,23.712.553-5,1978-04-17 00:00:00.0,Masculino,Áries,Caroline Marcela,Igor Daniel Thales Nunes,severinobenjaminnunes@unianhanguera.edu.br,9SDjMqS54B,84165-690,Travessa Coronel Olegário de Macedo,910,Lacustre,Castro,PR,(42) 3730-3143,(42) 98922-2358,1.77,68.0,B-,vermelho
179,Ricardo Kaique dos Santos,50,686.545.972-59,46.973.399-8,1973-04-16 00:00:00.0,Masculino,Áries,Letícia Sara Luna,Pedro Ryan Nathan dos Santos,ricardo_dossantos@babo.adv.br,sKJw40IGMr,71881-637,Quadra QN 12B Conjunto 8,668,Riacho Fundo II,Brasília,DF,(61) 3512-5006,(61) 99429-5980,1.8,81.0,A-,vermelho
180,Tereza Bruna Gabrielly Monteiro,25,630.794.158-84,36.729.729-2,1998-04-02 00:00:00.0,Feminino,Áries,Luciana Jaqueline Marina,Caleb Sebastião Monteiro,tereza.bruna.monteiro@viacorte.com.br,myUzLRJic2,74371-214,Rua F 12,364,Residencial Flórida,Goiânia,GO,(62) 2989-6545,(62) 98675-6050,1.5,82.0,O+,amarelo
181,Aurora Bruna Daniela Drumond,20,848.043.196-20,21.755.441-6,2003-04-07 00:00:00.0,Feminino,Áries,Beatriz Malu,Enzo Rafael Drumond,aurora_bruna_drumond@univap.br,F6HYpeuE57,89253-620,Rua Christina Adriana Pereira,337,São Luís,Jaraguá do Sul,SC,(47) 2570-2178,(47) 99177-8841,1.79,81.0,AB+,vermelho
182,Otávio Antonio Diogo Rocha,37,957.062.324-15,35.395.101-8,1986-03-19 00:00:00.0,Masculino,Peixes,Patrícia Beatriz,Renato Pedro Breno Rocha,otavio_rocha@dominatto.ind.br,pLDop7kTFF,77006-262,Quadra 208 Norte Alameda 4,697,Plano Diretor Norte,Palmas,TO,(63) 2923-4995,(63) 99479-8039,1.94,106.0,A+,vermelho
183,Teresinha Vitória Teixeira,71,890.616.488-23,10.699.208-9,1952-04-08 00:00:00.0,Feminino,Áries,Aurora Renata Fátima,Luan Luiz Teixeira,teresinha-teixeira99@zian.com.br,RHZtdtbT0Q,64027-450,Avenida Camaçari,867,Distrito Industrial,Teresina,PI,(86) 3573-9275,(86) 99993-4961,1.67,63.0,O+,vermelho
184,Nathan Severino Bernardes,42,551.179.771-57,22.336.447-2,1981-03-03 00:00:00.0,Masculino,Peixes,Rebeca Emilly Silvana,Luan Hugo Mário Bernardes,nathan.severino.bernardes@cognis.com,QKjbOeOyY2,85904-100,Rua Cantídio Sampaio,590,Vila Industrial,Toledo,PR,(45) 2737-7235,(45) 99915-5672,1.65,91.0,O+,amarelo
185,Andreia Ayla Aurora Barbosa,47,637.186.112-36,42.422.836-1,1976-02-06 00:00:00.0,Feminino,Aquário,Emilly Eloá,Giovanni Arthur Barbosa,andreiaaylabarbosa@barratravel.com.br,o2jZPeML5i,65058-604,Rua 205,825,Jardim das Palmeiras,São Luís,MA,(98) 3695-2687,(98) 98201-0660,1.69,72.0,O-,laranja
186,Enzo Oliver Galvão,64,399.860.251-84,42.625.091-6,1959-04-14 00:00:00.0,Masculino,Áries,Ayla Eduarda,Iago Carlos Diogo Galvão,enzo.oliver.galvao@costaporto.com.br,nwxGAYkObR,12235-681,Rua Bacabal,656,Parque Industrial,São José dos Campos,SP,(12) 2785-0690,(12) 99616-5024,2.0,50.0,AB+,vermelho
187,Lucas Yago Julio Moraes,75,838.368.429-04,32.545.357-3,1948-02-12 00:00:00.0,Masculino,Aquário,Olivia Marcela,Pedro Bryan Moraes,lucas.yago.moraes@tokiomarine.com.br,1zP6S95N9I,21011-010,Rua do Alpiste,900,Penha Circular,Rio de Janeiro,RJ,(21) 2802-6220,(21) 98968-1772,1.81,80.0,A-,preto
188,Yuri Ricardo Lopes,43,874.500.797-71,34.108.989-8,1980-03-13 00:00:00.0,Masculino,Peixes,Camila Carolina,Nelson Nathan Nathan Lopes,yuri_lopes@br.ibm.com,qxNiMFQnd1,65058-322,Rua 30,752,Jardim América,São Luís,MA,(98) 3717-1181,(98) 99691-9836,1.97,90.0,AB+,vermelho
189,Sabrina Elaine Peixoto,41,027.162.889-84,40.280.334-6,1982-01-17 00:00:00.0,Feminino,Capricórnio,Camila Caroline,Bento Antonio Yuri Peixoto,sabrinaelainepeixoto@daou.com.br,BE7P4He6LD,72428-125,Núcleo Rural Casa Grande Módulo 4 MA - 10,954,Ponte Alta (Gama),Brasília,DF,(61) 2937-5066,(61) 98570-9789,1.55,90.0,B+,azul
190,Pedro Carlos Nunes,41,440.993.832-02,15.234.362-3,1982-03-12 00:00:00.0,Masculino,Peixes,Josefa Vera Rebeca,Luan Nathan Anthony Nunes,pedrocarlosnunes@mmetalica.com.br,LkuRN3SBnq,56326-530,Rua da Jacutinga,985,Dom Avelar,Petrolina,PE,(87) 2550-0289,(87) 98961-4822,1.85,87.0,O-,vermelho
191,Jéssica Camila Isabella Duarte,20,049.228.154-81,22.119.343-1,2003-04-13 00:00:00.0,Feminino,Áries,Allana Maitê Isabelly,Sérgio Raimundo Duarte,jessica_camila_duarte@ogn.com.br,PfclzE6gZp,73340-751,Quadra Quadra E Conjunto E-1,985,Vila Nossa Senhora de Fátima (Planaltina),Brasília,DF,(61) 3775-9719,(61) 98556-6770,1.82,79.0,AB-,preto
192,Ricardo Anderson Lucca da Rosa,52,826.909.412-95,14.932.628-2,1971-03-14 00:00:00.0,Masculino,Peixes,Letícia Patrícia,Igor Pedro Henrique Caio da Rosa,ricardo-darosa83@callan.com.br,84MU1rCHY7,64012-380,Quadra B,711,Santa Maria da Codipe,Teresina,PI,(86) 3711-5130,(86) 99649-2041,1.81,98.0,AB-,roxo
193,Cláudio Osvaldo Roberto Nascimento,63,023.142.082-00,43.638.402-4,1960-03-12 00:00:00.0,Masculino,Peixes,Patrícia Juliana,Matheus Breno Thales Nascimento,claudio_nascimento@me.com,z8ILFJkNYC,74085-200,Rua 113,118,Setor Sul,Goiânia,GO,(62) 2859-0106,(62) 99987-9086,1.76,108.0,B-,laranja
194,Carlos Kaique Benjamin Silva,21,160.659.542-33,44.846.500-0,2002-03-06 00:00:00.0,Masculino,Peixes,Márcia Louise Laís,Alexandre Filipe Renan Silva,carlos.kaique.silva@systrix.com.br,9ABHUSHgKf,98802-255,Rua Oldemar Steinhaus,437,Neri dos Santos Cavalheiro,Santo Ângelo,RS,(55) 2562-8340,(55) 98361-7836,1.77,58.0,AB-,preto
195,Arthur Calebe Gonçalves,23,356.847.901-00,41.337.075-6,2000-01-27 00:00:00.0,Masculino,Aquário,Jennifer Sophia,Yuri Márcio Emanuel Gonçalves,arthur_calebe_goncalves@debiasi.com.br,4tixLuJDlx,78556-630,Avenida Joaquim Socreppa,717,Jardim Celeste,Sinop,MT,(66) 2600-8500,(66) 99266-6097,2.0,85.0,O+,preto
196,Sebastiana Rebeca Dias,21,877.754.687-34,11.995.839-9,2002-03-10 00:00:00.0,Feminino,Peixes,Aparecida Valentina,Calebe Roberto Dias,sebastiana.rebeca.dias@gmx.de,goomNO6dd8,68372-755,Rua São Pedro,755,Jardim Independente I,Altamira,PA,(93) 3565-0466,(93) 99756-4429,1.6,51.0,AB+,roxo
197,Natália Teresinha Porto,77,699.096.403-09,27.263.324-0,1946-01-20 00:00:00.0,Feminino,Capricórnio,Andreia Alessandra,Alexandre Theo Leonardo Porto,natalia-porto80@eletroaquila.net,l905c5q1s5,64013-470,Quadra 17,730,Santa Maria da Codipe,Teresina,PI,(86) 2715-7575,(86) 99546-8780,1.81,62.0,O-,laranja
198,Mariana Marcela Sueli Caldeira,80,580.067.988-69,48.873.459-9,1943-04-08 00:00:00.0,Feminino,Áries,Carolina Andreia Caroline,Otávio Otávio Caldeira,mariana_caldeira@pp33.com.br,LMw33M4lgy,62043-070,Avenida José Euclides Ferreira Gomes,445,Coração de Jesus,Sobral,CE,(88) 3582-8411,(88) 99896-3881,1.84,80.0,O-,amarelo
199,Yasmin Flávia Manuela Ramos,32,247.109.705-72,29.206.408-1,1991-01-08 00:00:00.0,Feminino,Capricórnio,Daniela Eduarda Emanuelly,Jorge Juan Tiago Ramos,yasmin_ramos@fredericodiniz.com,SMUYtwmLyU,24110-310,Rua Doutor Luiz Palmier,177,Barreto,Niterói,RJ,(21) 2904-1875,(21) 98479-8472,1.51,90.0,AB+,verde
200,Sabrina Raimunda Daniela Alves,30,468.680.484-16,26.449.433-7,1993-04-04 00:00:00.0,Feminino,Áries,Julia Esther Eloá,Osvaldo Gustavo Cauê Alves,sabrina-alves83@expressotaubate.com.br,n1tTb6HBem,74968-503,Rua Rio Sena,613,Residencial Village Garavelo,Aparecida de Goiânia,GO,(62) 2715-0919,(62) 99167-3993,1.74,81.0,O+,vermelho
201,Marcos Raimundo Matheus Silveira,37,035.916.680-60,50.290.628-5,1986-01-19 00:00:00.0,Masculino,Capricórnio,Francisca Gabriela,Vitor Cauã Silveira,marcosraimundosilveira@br.com.br,mTUjxTRBdr,30310-590,Praça Abdo Arges Kalil,812,Sion,Belo Horizonte,MG,(31) 3946-2313,(31) 99358-2693,1.62,98.0,A-,preto
202,Aparecida Heloisa Araújo,76,200.719.273-01,36.129.415-3,1947-01-20 00:00:00.0,Feminino,Capricórnio,Cristiane Vera Analu,Sérgio Leonardo Araújo,aparecida.heloisa.araujo@fingrs.com.br,gmSzJxHMNZ,68925-302,Travessa Açaí,152,Elesbão,Santana,AP,(96) 2805-9610,(96) 98957-1680,1.57,46.0,A+,verde
203,Murilo Giovanni Barros,79,067.850.694-91,45.385.447-3,1944-02-12 00:00:00.0,Masculino,Aquário,Letícia Natália Rebeca,Roberto Danilo Ruan Barros,murilo-barros84@redex.com.br,Ay8cB66gl9,68925-129,Avenida Princesa Izabel,652,Hospitalidade,Santana,AP,(96) 2677-8643,(96) 98802-3281,1.96,103.0,O-,verde
204,Marcos Vinicius Lorenzo da Mota,64,645.294.825-37,12.080.494-3,1959-02-21 00:00:00.0,Masculino,Peixes,Sandra Isabel Isabela,Jorge Pedro Anderson da Mota,marcos_vinicius_damota@bol.com.br,JCPURHDF0o,08452-334,Travessa São Floriano,919,Vila Independente,São Paulo,SP,(11) 3950-9956,(11) 98463-4522,1.81,57.0,O+,laranja
205,Laura Larissa Melo,26,069.384.644-56,36.988.613-6,1997-02-21 00:00:00.0,Feminino,Peixes,Esther Antonella,Manuel Vitor Guilherme Melo,laura_melo@ctlive.com.br,zPuQ3TeYjJ,57062-350,Alameda Sisino Borges,373,Petrópolis,Maceió,AL,(82) 2546-8842,(82) 99170-6650,1.81,76.0,AB-,verde
206,Samuel Henrique da Luz,27,884.306.565-37,20.782.023-5,1996-01-15 00:00:00.0,Masculino,Capricórnio,Agatha Vanessa,Thomas Cláudio Theo da Luz,samuelhenriquedaluz@6am.com.br,dFzFjr0dtW,72305-520,Quadra QS 307,188,Samambaia Sul (Samambaia),Brasília,DF,(61) 3749-6010,(61) 99917-0052,1.64,54.0,A-,vermelho
207,Lorenzo César Julio Jesus,38,202.485.502-41,43.493.927-4,1985-01-26 00:00:00.0,Masculino,Aquário,Elza Sara Tereza,Carlos Eduardo Arthur Paulo Jesus,lorenzo_jesus@land.com.br,i7GKbJxYLE,21070-630,Rua Amatari,851,Olaria,Rio de Janeiro,RJ,(21) 3772-0432,(21) 98657-8043,1.8,53.0,AB-,roxo
208,Agatha Sophia Moreira,80,794.127.349-72,38.883.924-7,1943-04-08 00:00:00.0,Feminino,Áries,Clarice Sarah,Arthur Ruan Gabriel Moreira,agatha.sophia.moreira@ppconsulting.com.br,50COkDsxzy,54080-043,Rua Santa Rita,864,Vista Alegre,Jaboatão dos Guararapes,PE,(81) 2987-1783,(81) 98550-8879,1.63,76.0,A+,roxo
209,Márcia Alícia Nogueira,64,724.603.791-88,47.442.566-6,1959-02-04 00:00:00.0,Feminino,Aquário,Kamilly Antonella,Thiago Breno Nogueira,marcia_nogueira@cabletech.com.br,GzSnu8Qwsu,41270-390,Rua Tânia Cristina,502,Campinas de Pirajá,Salvador,BA,(71) 3552-2154,(71) 98230-4784,1.59,90.0,AB+,laranja
210,Heitor Calebe Oliveira,76,715.370.193-17,24.613.826-9,1947-03-02 00:00:00.0,Masculino,Peixes,Mariana Larissa Isabelly,Sérgio Theo Kevin Oliveira,heitor_calebe_oliveira@tricoproducts.com.br,omS8THwwsA,27516-070,Rua I,311,Eucaliptal,Resende,RJ,(24) 3747-3243,(24) 98874-5935,1.72,102.0,A+,laranja
